{"cameraMode":{"drawMode":0,"name":"Shaded","section":"Shading Mode"},"sceneLighting":true,"audioPlay":false,"sceneViewState":{"m_AlwaysRefresh":false,"showFog":true,"showSkybox":true,"showFlares":true,"showImageEffects":true,"showParticleSystems":true,"showVisualEffectGraphs":true,"m_FxEnabled":true},"in2DMode":false,"pivot":{"x":0.5567153096199036,"y":0.7794751524925232,"z":13.739627838134766},"rotation":{"x":0.15550142526626588,"y":0.8318880200386047,"z":-0.2898275852203369,"w":0.4472721815109253},"size":1.032751441001892,"orthographic":false}