{"cameraMode":{"drawMode":0,"name":"Shaded","section":"Shading Mode"},"sceneLighting":true,"audioPlay":false,"sceneViewState":{"m_AlwaysRefresh":false,"showFog":true,"showSkybox":true,"showFlares":true,"showImageEffects":true,"showParticleSystems":true,"showVisualEffectGraphs":true,"m_FxEnabled":true},"in2DMode":false,"pivot":{"x":14.865954399108887,"y":4.896249771118164,"z":5.240347385406494},"rotation":{"x":0.0025745274033397438,"y":0.9863711595535278,"z":-0.016299214214086534,"w":0.16424012184143067},"size":16.22852897644043,"orthographic":false}