{"cameraMode":{"drawMode":0,"name":"Shaded","section":"Shading Mode"},"sceneLighting":true,"audioPlay":false,"sceneViewState":{"m_AlwaysRefresh":false,"showFog":true,"showSkybox":true,"showFlares":true,"showImageEffects":true,"showParticleSystems":true,"showVisualEffectGraphs":true,"m_FxEnabled":true},"in2DMode":false,"pivot":{"x":-0.39638975262641909,"y":0.7517320513725281,"z":0.7393115758895874},"rotation":{"x":-0.10091490298509598,"y":0.017617274075746537,"z":-0.0017787180840969086,"w":-0.9947659969329834},"size":2.1825931072235109,"orthographic":false}