{"cameraMode":{"drawMode":0,"name":"Shaded","section":"Shading Mode"},"sceneLighting":true,"audioPlay":false,"sceneViewState":{"m_AlwaysRefresh":false,"showFog":true,"showSkybox":true,"showFlares":true,"showImageEffects":true,"showParticleSystems":true,"showVisualEffectGraphs":true,"m_FxEnabled":true},"in2DMode":false,"pivot":{"x":-0.029682636260986329,"y":1.2189106941223145,"z":-1.9639301300048829},"rotation":{"x":-0.1688520610332489,"y":-0.25066789984703066,"z":0.044443316757678989,"w":-0.9522111415863037},"size":0.8056824803352356,"orthographic":false}