{"cameraMode":{"drawMode":0,"name":"Shaded","section":"Shading Mode"},"sceneLighting":true,"audioPlay":false,"sceneViewState":{"m_AlwaysRefresh":false,"showFog":true,"showSkybox":false,"showFlares":true,"showImageEffects":true,"showParticleSystems":true,"showVisualEffectGraphs":true,"m_FxEnabled":true},"in2DMode":false,"pivot":{"x":-0.9909998178482056,"y":16.463998794555665,"z":-3.5759997367858888},"rotation":{"x":0.3068559467792511,"y":-0.26693040132522585,"z":0.09005890041589737,"w":0.9091609716415405},"size":8.487049102783204,"orthographic":false}